K,rate_bpp,mse,psnr_db
2,1.000000,2033.439634,15.048491
4,2.000000,831.587941,18.931722
8,3.000000,375.229522,22.387834
16,4.000000,219.518448,24.716093
