K,rate_bpp,mse,psnr_db
2,1.000000,1155.088487,17.504651
4,2.000000,416.822134,21.931296
8,3.000000,154.886263,26.230675
16,4.000000,88.945159,28.639580
